prenom,nom,date_naissance,courriel,mot_de_passe,droit_utilisateur
Mickie,Michelmore,1954-12-03,mmichelmore0@yahoo.co.jp,oD2=ZMD?=`K1Sp,non-membre
Ekaterina,Leroy,1953-09-24,eleroy1@newsvine.com,"uR2<!=n-Rzz+wl,",employe
Merill,Fausch,2010-06-06,mfausch2@indiegogo.com,wM6)SU34HC5-.hN},employe
Gerrilee,Romera,1985-01-03,gromera3@pbs.org,"kH7'7+r4$wxd<{""",employe
Thaxter,Cahan,1973-12-21,tcahan4@squidoo.com,"yR8,(GO#NL=X|p0",employe
Zed,Bester,1962-04-14,zbester5@netscape.com,xO5}`S?6,membre
Rouvin,Fincke,1971-01-10,rfincke6@amazon.co.uk,lM2$pD9$e,employe
Katy,Insull,1989-04-03,kinsull7@theatlantic.com,tA0&`crYRSN?},employe
Rosamond,Scudamore,1981-04-03,rscudamore8@nymag.com,"gI9{h+""jE%",membre
Roberto,Purdie,2014-09-27,rpurdie9@infoseek.co.jp,"jE6!R""tCw>x`h",non-membre
Myriam,McRamsey,2000-01-12,mmcramseya@buzzfeed.com,wP5<@=jbe%j>v,membre
Quintana,McCahey,1997-12-06,qmccaheyb@reddit.com,sW6'IX_t,employe
Lane,Rylstone,2013-12-06,lrylstonec@wsj.com,xV9{-`cBCQ,employe
Abby,Kennerley,1998-03-24,akennerleyd@spiegel.de,mY1#.~JcKBRsT,non-membre
Buddie,Pounsett,1954-03-24,bpounsette@ucoz.ru,pU1`'pGcvLGC,employe
Anatole,Padula,1955-08-29,apadulaf@sciencedirect.com,uE8!I=Al),non-membre
Wallis,Bellows,1986-02-16,wbellowsg@feedburner.com,lZ6-31%1F,non-membre
Arther,Benz,1974-11-12,abenzh@etsy.com,gN0?5Mc~kWG&o*2,employe
Torre,Esherwood,1958-02-05,tesherwoodi@meetup.com,eF1$FUdjK,employe
Lanni,Polle,1996-12-27,lpollej@biglobe.ne.jp,lZ3+pRSj2.,non-membre
Bette-ann,Frearson,1984-08-26,bfrearsonk@japanpost.jp,cS5#_he?EjC%k@),non-membre
Aryn,Franz,2023-11-20,afranzl@acquirethisname.com,hV9?kV\\Iu2?S*nU,employe
Lanny,Shuxsmith,2001-07-19,lshuxsmithm@nationalgeographic.com,gX6'|W5L,non-membre
Kelly,Castanaga,1964-09-17,kcastanagan@fc2.com,"zV4""Upa9",membre
Lorie,Krout,2003-01-19,lkrouto@about.com,kP4{`*<Me--(*XWs,employe
Garreth,Meacher,1970-12-20,gmeacherp@wikipedia.org,tP7{gpm1,membre
Bryanty,Saxton,2007-06-19,bsaxtonq@mayoclinic.com,pY6-7CofnX&q2`,non-membre
Nap,Pre,1965-11-01,nprer@ebay.com,gY8'dExW,non-membre
Dennis,Devas,1998-12-20,ddevass@si.edu,tP1{dZ.Sf8@q!,non-membre
Evaleen,Feeley,1997-06-19,efeeleyt@apache.org,xJ5&FDv+4JJ<B,non-membre
Rodrigo,Newark,1961-11-05,rnewarku@rakuten.co.jp,mD3|n'9!-pe`5R,membre
Gearalt,Anglim,2021-12-12,ganglimv@guardian.co.uk,kL3#~1r&)R,non-membre
Eben,MacGorman,1977-04-23,emacgormanw@wordpress.com,jZ6)>sAdSsR,employe
Shayne,Trenholme,2023-01-27,strenholmex@umn.edu,zM4}+D#esC@gvI$O,membre
Dinnie,Fouch,2018-07-25,dfouchy@oaic.gov.au,"tO2&3B$8taH_,1T",non-membre
Chere,Wyatt,1971-12-14,cwyattz@privacy.gov.au,xY1>=N.sgsY$,employe
Audre,Lamblin,2010-02-23,alamblin10@cbsnews.com,"dF4+>CwpM5i,z",employe
Heall,Thebeaud,1985-05-12,hthebeaud11@1und1.de,jB6#?Vft(e-.\I4,employe
Tobye,Macconaghy,2003-05-11,tmacconaghy12@domainmarket.com,yC1~=|D\SD,membre
Dana,Weson,1976-09-04,dweson13@miitbeian.gov.cn,uB0\le\k~WXK,membre
Odette,Baptist,2006-02-14,obaptist14@bandcamp.com,wW7%t#v@?Yy9E&ub,membre
Juieta,Devany,1962-04-28,jdevany15@ft.com,iQ7+5IG25X,non-membre
Rowan,Pine,2020-10-22,rpine16@theglobeandmail.com,gK6_4~s94D5f.,membre
Phillida,Deeman,1966-04-13,pdeeman17@timesonline.co.uk,wT2$&8o&,non-membre
Kyla,Morling,1966-10-24,kmorling18@multiply.com,rS8(IlbJQeV3C+NI,employe
Robinson,Riddich,1981-12-10,rriddich19@vimeo.com,mG3'hRoA,membre
Ingamar,Laurenz,2010-02-05,ilaurenz1a@guardian.co.uk,aL2*5U-}=,membre
Nelli,Kelsall,1968-06-17,nkelsall1b@over-blog.com,wE3-H@ZL%y,membre
Amberly,Ewens,2022-02-14,aewens1c@utexas.edu,fN3-I##&>D%m,employe
Neille,O'Teague,1987-09-29,noteague1d@skyrock.com,qZ2=Yq@\rv(>f>,non-membre
Cindelyn,Woodman,2004-09-03,cwoodman1e@live.com,"jQ1$!{dt\,",membre
Cherise,Kirlin,1968-01-28,ckirlin1f@over-blog.com,bV7.8k)Tebetx,membre
Neda,Websdale,1991-02-23,nwebsdale1g@sun.com,fT5`hplNN4-,employe
Sid,Altoft,1960-05-01,saltoft1h@ifeng.com,vI9=a$-$L3`X~z,non-membre
Brittan,Retallick,1978-06-29,bretallick1i@shinystat.com,"nY5\y1X,%(v\8",non-membre
Kitti,Redhills,2024-01-10,kredhills1j@apple.com,pV3$'+F<,employe
Fayina,Kelberer,1950-09-13,fkelberer1k@cisco.com,yD1*7Lq>Cm5,non-membre
Fredrika,Oguz,1961-09-29,foguz1l@mtv.com,jK7.(_>-+bsDw,employe
Kingsly,Feirn,1952-10-25,kfeirn1m@mediafire.com,aL6!m2{eR{,membre
Delbert,Chelam,1961-12-26,dchelam1n@amazonaws.com,jL3'5)e(VIR,membre
Luise,D'Almeida,1979-06-03,ldalmeida1o@oaic.gov.au,"uK0,Dse})fc.m",employe
Reinold,Rawdales,2010-04-21,rrawdales1p@e-recht24.de,tV2=HT~zR!H,non-membre
Antoni,Lease,1975-10-28,alease1q@chronoengine.com,dT0!=ZAe>(6~M6If,membre
Quinlan,Greenhaugh,1998-04-07,qgreenhaugh1r@illinois.edu,"dD9,MgqQ}j|BF",non-membre
Niles,Vankeev,1974-06-28,nvankeev1s@loc.gov,aP1\i6d`B1,membre
Nick,Lude,1997-02-22,nlude1t@about.me,"jQ9-el,I(wf1q9",employe
Carolan,Bordes,1983-03-10,cbordes1u@china.com.cn,aT8|ZHFW,non-membre
Laetitia,Normanton,2002-09-20,lnormanton1v@furl.net,aH3%(+2iWTK*,employe
Wyatan,Munday,1957-12-27,wmunday1w@wikia.com,"nY4,6""54jCo5_L@A",membre
Averyl,Orrin,2021-03-11,aorrin1x@storify.com,bD1$2F&|DRTmAgya,membre
Dorotea,Dowrey,1995-05-19,ddowrey1y@google.cn,qP4+)@*SwI-oJ`A=,employe
Bartlet,Barras,2023-12-10,bbarras1z@oakley.com,pP2}Q@ag%5R`IIB,non-membre
Cameron,Putman,1999-06-17,cputman20@weebly.com,"oX7,Q'UpuFzd""\",membre
Dimitri,Dowle,1959-12-28,ddowle21@phpbb.com,mJ3#kZb3o,employe
Lorianna,Chessel,1988-06-09,lchessel22@linkedin.com,lD8$NSs`1,non-membre
Caleb,Bartosik,2013-09-08,cbartosik23@acquirethisname.com,zW9#lq(W,employe
Juliann,Eberlein,1998-10-13,jeberlein24@people.com.cn,"jL7&5)q?x{""Wt+",membre
Augustina,Pegden,2021-06-01,apegden25@sohu.com,qB8}}q_+0,employe
Selie,Hynde,1984-01-26,shynde26@vimeo.com,uK7)uB&Cu231n!F9,non-membre
Vito,Wigan,1984-07-10,vwigan27@mashable.com,fL2<S&?y?N,employe
Derrek,Halt,1995-11-13,dhalt28@edublogs.org,jL4$NjafDF.PQO@$,non-membre
Raynor,Krysztowczyk,1955-06-23,rkrysztowczyk29@facebook.com,cF8?Ku_'btPQ,membre
Clarissa,Dengel,2018-03-12,cdengel2a@seesaa.net,"bX9_""#7%r",employe
Lane,Tireman,2011-11-17,ltireman2b@networksolutions.com,gE5-l?}1n)dbz0,employe
Neill,McCrone,1999-09-24,nmccrone2c@gmpg.org,hF0->+AOm.#HcQe,employe
Vivienne,MacNeely,1950-08-14,vmacneely2d@mayoclinic.com,vH3&>ai>lTTo,membre
Nessie,Kondratovich,1952-08-26,nkondratovich2e@slate.com,"sO7+\Yp0""G9f",employe
Jim,Florio,1951-05-17,jflorio2f@moonfruit.com,gD5$j9lp,membre
Stanford,Picheford,1963-03-21,spicheford2g@moonfruit.com,nW7>}hZ<*hN|,non-membre
Brunhilda,Spores,1952-04-05,bspores2h@devhub.com,oU6>_}?npD,employe
Alf,Ferronier,1971-08-27,aferronier2i@edublogs.org,lN1%LocD*cv`,membre
Blaine,Laurisch,1976-05-26,blaurisch2j@scribd.com,pI6~I2?rFCYJHrO6,membre
Jenifer,Haugeh,1969-12-31,jhaugeh2k@mlb.com,iG5(JP+md09(x4A,membre
Eirena,Ardley,2007-03-01,eardley2l@mashable.com,pA8.L@NXZ_Ke,employe
Ilene,Mechell,1966-08-04,imechell2m@nytimes.com,"mQ8%9u8Cuml>>c,S",membre
Allina,Beaze,1968-10-02,abeaze2n@google.de,dP1#&4~-|,membre
Hirsch,Tamburi,1975-07-19,htamburi2o@acquirethisname.com,xM3@CS@p0,employe
Sheena,Pavia,1980-09-04,spavia2p@blogs.com,jR7)HF9w,membre
Patty,Barrus,1952-12-15,pbarrus2q@github.com,hD6?=l4Fx?txWF,employe
Kelsy,Lowman,1958-07-23,klowman2r@seattletimes.com,zR5\<Z5RaW7R#(,non-membre
Elita,Turrill,1972-02-28,eturrill2s@usa.gov,sA7~r=R>g\E,membre
Arline,Munkley,2008-07-25,amunkley2t@zimbio.com,rP4=p@Fd~dGWS>6m,non-membre
Baron,Dewey,2020-01-04,bdewey2u@hexun.com,lF8$!.Fg4i,employe
Conn,Safell,1976-03-27,csafell2v@storify.com,kV4$\`FbmU%W,non-membre
Jonah,Massimo,1973-12-07,jmassimo2w@chron.com,tR6&rilJuA`,non-membre
Pasquale,Bendle,2021-03-02,pbendle2x@google.es,wF7(Ur<P,non-membre
Malanie,Bignold,1960-08-31,mbignold2y@feedburner.com,wE2#kR1?u-Q6,non-membre
Elly,McWhorter,1960-05-20,emcwhorter2z@nasa.gov,xD1`v7k|*Pg,employe
Amity,McGaugey,1965-10-16,amcgaugey30@barnesandnoble.com,"tB0(x.,d{GI",employe
Rene,Foystone,1954-04-21,rfoystone31@quantcast.com,yT9\|o8)$B+x,membre
Johnna,Josselsohn,1954-11-11,jjosselsohn32@addtoany.com,dX4\gyam#hqL,non-membre
Rock,Collen,2013-06-24,rcollen33@posterous.com,"cJ6%""<byZZ0>",membre
Emelia,Rossetti,1988-04-23,erossetti34@com.com,"zN3,xRl?G8bE",employe
Emmit,Tomkys,1955-08-03,etomkys35@a8.net,"hR4>,yPC&",membre
Bunnie,Humes,1992-08-17,bhumes36@facebook.com,wP9%!Z\6,employe
Engracia,Tolomei,1961-09-21,etolomei37@eventbrite.com,"jX2,1jez",non-membre
Hazel,Acreman,2004-10-29,hacreman38@hexun.com,lC2|e.p9XKtfe,membre
Basil,Ainslee,1975-10-24,bainslee39@over-blog.com,tP0%O.FCGa|HLT,non-membre
Ingrid,De Witt,1957-05-25,idewitt3a@eventbrite.com,yN7-`RLz2`wqre,employe
Tad,Probat,2015-05-08,tprobat3b@cafepress.com,"bR2\''SbV""",non-membre
Alla,Fendlow,1987-11-04,afendlow3c@feedburner.com,mD5*Cd%dD=qyP,non-membre
Tomasina,Linsley,2001-09-28,tlinsley3d@ovh.net,cA3!qo<Vsxd&Cb~,membre
Martainn,Hullett,2010-11-24,mhullett3e@diigo.com,gR0)e|cj,membre
Kristo,Mayho,2016-09-17,kmayho3f@cnbc.com,dK7-KO1M9XS_-s-,membre
Annamarie,Curr,1978-05-12,acurr3g@posterous.com,mQ4>TmXF!Y,non-membre
Gina,Casa,2003-03-26,gcasa3h@ox.ac.uk,jN5=AY7QKn,non-membre
Anett,Edson,1970-10-19,aedson3i@cnn.com,mF5!!&9$a,membre
Aurelia,Hove,1954-08-27,ahove3j@nbcnews.com,kM5}dD%_ip'DQW(,membre
Maryjo,Saph,2009-01-09,msaph3k@shareasale.com,xU3->tNP,employe
Orazio,Sambeck,2015-12-30,osambeck3l@go.com,"rW4,jxrV0>9a%YVn",employe
Jeane,Balbeck,1991-01-17,jbalbeck3m@desdev.cn,cK8<qRyxWC}84,membre
Ives,MacClancey,2014-01-03,imacclancey3n@mlb.com,hB3{FJEl=,membre
Chester,Mintoff,1999-12-05,cmintoff3o@google.co.uk,uQ1`\+mL,employe
Jehanna,Blasik,2020-09-05,jblasik3p@weebly.com,bF3.*2<S*I(|,membre
Phelia,Wanklin,2019-03-12,pwanklin3q@webmd.com,rF5{=tPq?F,non-membre
Nita,Renehan,1954-08-03,nrenehan3r@github.com,yC7}F-HUk,employe
Forrest,McAughtrie,1950-09-19,fmcaughtrie3s@woothemes.com,oW5=c3_}`gHh,non-membre
Maison,Kinnerley,1978-04-22,mkinnerley3t@skyrock.com,hZ2)JR`zO\N,membre
Jolynn,Ainge,2002-08-23,jainge3u@seesaa.net,dZ9-aro!3Wm)mA,membre
Lane,Cammell,1986-08-26,lcammell3v@bandcamp.com,"hC6@K{C)|B""",non-membre
Elladine,Kroch,2013-09-06,ekroch3w@adobe.com,fW2$Lgd(,non-membre
Yolanda,Wallbutton,1986-10-15,ywallbutton3x@nps.gov,"eT5%hs-%""ARlMs",membre
Emmalynne,Lorenzetto,1974-03-27,elorenzetto3y@latimes.com,"yH7.h~Z(g$-,,W",membre
Nickola,Mew,1980-11-03,nmew3z@ebay.com,nC6_ivWr0aRN@%.w,employe
Frankie,Escalera,2000-09-09,fescalera40@sitemeter.com,lG8}|yaN,employe
Mariquilla,Peppard,1975-04-21,mpeppard41@nationalgeographic.com,"uD8=#Sz,mvT4z!T",employe
Arlan,Irnys,1950-12-08,airnys42@nbcnews.com,wW6>>s|ja,employe
Camile,Rivelin,1990-04-22,crivelin43@dailymotion.com,mI9$Sc(t}sHKc,non-membre
Reiko,Southcomb,2008-08-11,rsouthcomb44@multiply.com,fF9%Spa|tVG,membre
Susann,Crouch,1962-10-24,scrouch45@zimbio.com,eE3-UaEY-,employe
Theresa,Ottey,2016-06-14,tottey46@ucoz.ru,dV0'GOqCf,employe
Carlynn,Peddersen,2014-09-17,cpeddersen47@skype.com,"pT6%uD-#,c",employe
Gawain,Morman,1961-08-23,gmorman48@umn.edu,dP3#Gt<B,employe
Alvinia,Jaram,2004-06-27,ajaram49@apache.org,"pS2,1ww9b",non-membre
Thornton,Speare,1969-12-14,tspeare4a@washingtonpost.com,aT0@NO&%hX'i+3|,employe
Hubert,Idale,1952-05-29,hidale4b@elpais.com,fC8(7#|qj\zJ,non-membre
Garwin,Scotland,1980-08-06,gscotland4c@usda.gov,mL2=#$my0O,membre
Stan,Jennings,2012-01-20,sjennings4d@senate.gov,cD1?xlpt,membre
Sara,Gilchriest,1974-09-14,sgilchriest4e@google.cn,eT1%d+1WyZGk_,employe
Thorny,Barthelemy,1962-12-14,tbarthelemy4f@jugem.jp,cQ1<#x6HE@yG,membre
Nessi,Wileman,1997-03-29,nwileman4g@toplist.cz,kZ8=BTCYYtm,employe
Wolfie,Dixey,1990-06-13,wdixey4h@surveymonkey.com,"vN1>""&xfbN",employe
Layne,Acaster,2015-08-23,lacaster4i@yale.edu,iN3%qPZcaC~P,non-membre
Sumner,Arzu,1982-04-06,sarzu4j@nature.com,dG2$G23<!AV,membre
Milo,Tomsett,1962-09-30,mtomsett4k@google.pl,"rR0,!!~iVeEgWUU>",non-membre
Cynthia,Mapston,2018-02-06,cmapston4l@bloomberg.com,mM5@H9A~9_,employe
Marilyn,Sumbler,1952-01-28,msumbler4m@reference.com,"oK0|z%\3S""",non-membre
Eugenie,Greathead,1996-02-10,egreathead4n@tmall.com,hW9\|dg)#=!,membre
Kip,Izakoff,1954-09-15,kizakoff4o@geocities.com,"yR4}inHL""T8h5",non-membre
Emelia,Corcoran,2019-04-13,ecorcoran4p@uiuc.edu,dP5{ZlSR=GSn&,membre
Griffin,Brideoke,2006-01-02,gbrideoke4q@home.pl,wV4-4A}t4M!N,employe
Shauna,Rowlin,1971-04-04,srowlin4r@mashable.com,"kQ7<)""j`4\2!s",employe
Sally,Ornells,1954-06-03,sornells4s@unesco.org,cC4}q`t{#P6z=5m,employe
Cherie,Orvis,2015-08-09,corvis4t@trellian.com,iU2?|hS>W`..9o&,membre
Trenna,Frawley,1992-05-06,tfrawley4u@ed.gov,eJ5#k3#MLe)A,membre
Truda,Petri,1967-10-30,tpetri4v@sohu.com,"zQ9>GOjZ2q-""",non-membre
Malorie,Keeler,1952-07-17,mkeeler4w@zdnet.com,vX4)\U|4ri,employe
Cross,Chishull,1954-06-17,cchishull4x@gravatar.com,"iR9%K\~lm,%Ryq",non-membre
Xavier,Alldritt,2024-02-15,xalldritt4y@cornell.edu,sO7!n>Axy?8$RL|I,non-membre
Davita,Sexti,1967-12-21,dsexti4z@illinois.edu,aA7.!OSkc,employe
Drud,Danford,1982-04-30,ddanford50@hp.com,rL2<l8mc,membre
Corene,Reoch,1953-10-29,creoch51@blogtalkradio.com,eG7_Nqsp`l,membre
Averill,Coie,1979-11-12,acoie52@cbsnews.com,fL1.i{5Pzz,employe
Sibyl,Devers,2008-05-08,sdevers53@stanford.edu,uG5{fsrPy,membre
Evangelin,Billes,2011-10-03,ebilles54@google.nl,aV9_uCU$E,employe
Hamnet,Ackwood,1971-05-16,hackwood55@smh.com.au,fG9#}415zh!G,non-membre
Zane,Windeatt,1952-09-10,zwindeatt56@mlb.com,"kJ7""aQp<@",non-membre
Westbrooke,Luparto,1972-04-19,wluparto57@disqus.com,kD1~{x56Lw~9Nm,non-membre
Farah,Bignell,1989-04-26,fbignell58@fc2.com,"rQ5,*U@4|CMP=&",non-membre
Elenore,Breffit,1962-03-29,ebreffit59@topsy.com,gC6-QCSA`$exUYa0,membre
Brooke,Baff,1978-07-19,bbaff5a@comsenz.com,vK7)Uon<1W8c5u,employe
Claudia,Storah,1977-04-10,cstorah5b@so-net.ne.jp,aP5)(%qTIi@'g*m,employe
Hilton,Batchelor,1951-12-25,hbatchelor5c@bing.com,"dJ5}a""1(Z-4me{Uf",membre
Reine,Dashkovich,1971-09-14,rdashkovich5d@meetup.com,hJ4>8a>u,non-membre
Brigham,Novichenko,1954-04-23,bnovichenko5e@csmonitor.com,uX1!hL|>am1_S\&,non-membre
Earl,Bradburn,1996-12-03,ebradburn5f@cocolog-nifty.com,"pK3-<hE,lu|!GH)",employe
Lorena,Emberson,1979-11-29,lemberson5g@tripadvisor.com,vP6(qn2y,non-membre
Kain,Lowthian,1951-05-10,klowthian5h@bluehost.com,"dK0""*xeucVni_k",membre
Kelsey,Kenyon,1963-08-12,kkenyon5i@si.edu,aJ9.KU}8Ri,non-membre
Brad,Thomen,1953-05-15,bthomen5j@state.gov,fG1?sT!i(,membre
admin,admin,1953-05-15,admin@dev.com,1234,employe
